,full_address
0,桜風県朝凪市綴星町1-2-3ルミナス楓ビル305号室
1,桜風県朝凪市虹砂台2-11-8コーポ月輪102号室
2,桜風県白灯区風紋原3-6-14星織レジデンス807号室
3,桜風県白灯区玻璃坂町5-1-9翠灯タワー1204号室
4,桜風県夕環市雲綾町1-18-2アーバン霞館411号室
5,桜風県夕環市水鏡ヶ丘7-4-1ミストリーフハイツ203号室
6,桜風県波折市月映町2-9-6シルバーリーフ館606号室
7,桜風県波折市薄明台4-7-12フォレスト光彩堂508号室
8,桜風県朝凪市鈴風町6-10-5パークサイド星渚701号室
9,桜風県白灯区燈花通町3-15-3グラン燈花209号室
10,霧浜県霞音市霧紋台1-3-10ブルーム霧浜304号室
11,霧浜県霞音市砂白町8-2-4コーポ砂白101号室
12,霧浜県潮紗区波綾町2-12-7ルミエール潮紗905号室
13,霧浜県潮紗区貝灯台6-5-2マリンフォグビル402号室
14,霧浜県凪輪市白泡町3-8-11シーサイド凪輪1103号室
15,霧浜県凪輪市灯岬町4-1-5レジデンス灯岬507号室
16,霧浜県霞音市淡虹ヶ丘7-9-3淡虹メゾン208号室
17,霧浜県潮紗区霧灯町5-16-1スカイフォグタワー1502号室
18,霧浜県凪輪市海玻璃台2-4-9グレイス海玻璃602号室
19,霧浜県霞音市蒼霧町9-7-6蒼霧コート303号室
20,星波県星澪市星縫町1-14-2ステラパレス802号室
21,星波県星澪市銀潮台3-2-15銀潮ハイツ204号室
22,星波県天紗区輝砂町6-8-8ルクス輝砂1006号室
23,星波県天紗区夜凪通2-6-3夜凪ビルディング501号室
24,星波県潮星町光条町4-10-1コーポ光条103号室
25,星波県潮星町波星原7-3-12波星ガーデン館406号室
26,星波県星澪市薄星台5-12-6薄星レジデンス1201号室
27,星波県天紗区星環町1-9-9星環タワー903号室
28,星波県潮星町蒼光台8-5-4蒼光ヒルズ207号室
29,星波県星澪市星見坂町9-1-7星見坂コート312号室
30,青璃県玻都市青透町2-13-5ブルーグラス館606号室
31,青璃県玻都市璃光台3-7-1璃光レジデンス404号室
32,青璃県青灯区水晶通1-5-9クリスタル水晶ビル1002号室
33,青璃県青灯区淡青町6-2-6淡青コーポ201号室
34,青璃県翠渓町翠玻璃台4-16-3翠玻璃ハイツ303号室
35,青璃県翠渓町水紋町7-8-12リバーサイド水紋505号室
36,青璃県玻都市青鈴町5-3-8青鈴パレス707号室
37,青璃県青灯区凪玻璃原8-12-2凪玻璃タワー1408号室
38,青璃県翠渓町光沢町2-1-11グロス光沢館206号室
39,青璃県玻都市青雫台9-6-4青雫レジデンス901号室
40,月影県月詠市影綾町1-10-7ムーンリット影綾503号室
41,月影県月詠市薄影台3-4-2コーポ薄影105号室
42,月影県宵灯区宵紗通2-9-13宵紗ビル708号室
43,月影県宵灯区月環町6-15-5月環タワー1306号室
44,月影県影舟村静月町4-6-9静月ロッジ2号室
45,月影県影舟村影羽原7-2-1影羽コート301号室
46,月影県月詠市淡月町5-13-4淡月レジデンス904号室
47,月影県宵灯区夜鏡台1-7-8ナイトミラー館402号室
48,月影県影舟村月霧町8-11-3月霧ハイツ205号室
49,月影県月詠市星月台9-3-6星月パークサイド1102号室
50,霞森県森霞市霞葉町2-14-1霞葉ガーデン603号室
51,霞森県森霞市木漏紗台3-6-6木漏紗レジデンス407号室
52,霞森県淡樹区森灯通1-9-2森灯オフィスビル802号室
53,霞森県淡樹区霞芯町5-5-11霞芯コーポ203号室
54,霞森県梢音町梢音原4-12-7梢音ハイツ104号室
55,霞森県梢音町露草町7-1-3露草メゾン505号室
56,霞森県森霞市薄霞台8-10-9薄霞タワー1207号室
57,霞森県淡樹区森紋町2-3-14森紋レジデンス309号室
58,霞森県梢音町霞森ヶ丘9-2-5霞森ヒルズ801号室
59,霞森県森霞市風影町6-7-12風影コート206号室
60,琥珀県琥市琥灯町1-4-8アンバー琥灯ビル601号室
61,琥珀県琥市蜜影台3-15-1蜜影レジデンス1003号室
62,琥珀県灯晶区晶砂通2-6-5晶砂オフィス館403号室
63,琥珀県灯晶区琥風町7-3-3琥風コーポ202号室
64,琥珀県蜜波町蜜波原4-9-10蜜波ガーデン館702号室
65,琥珀県蜜波町琥砂町8-1-6琥砂ハイツ105号室
66,琥珀県琥市光蜜台5-8-2光蜜タワー1505号室
67,琥珀県灯晶区琥珀通1-12-12琥珀通レジデンス308号室
68,琥珀県蜜波町淡琥ヶ丘9-5-7淡琥パレス804号室
69,琥珀県琥市琥透町6-2-9琥透コート407号室
70,雪凪県雪帆市雪帆町2-8-4スノーセイル館503号室
71,雪凪県雪帆市白凪台1-5-11白凪レジデンス1203号室
72,雪凪県氷灯区氷紋通3-10-6氷紋ビル602号室
73,雪凪県氷灯区雪明町7-7-2雪明コーポ201号室
74,雪凪県凪白村凍星原4-3-9凍星ロッジ1号室
75,雪凪県凪白村雪影町8-12-1雪影ハイツ302号室
76,雪凪県雪帆市霜花台5-6-7霜花パレス901号室
77,雪凪県氷灯区白星町2-2-14白星タワー1402号室
78,雪凪県凪白村雪鏡台9-1-5雪鏡レジデンス406号室
79,雪凪県雪帆市淡雪通6-9-3淡雪オフィス館701号室
80,翠渚県翠渚市翠波町1-11-6翠波レジデンス803号室
81,翠渚県翠渚市渚風台3-5-1渚風コーポ103号室
82,翠渚県碧砂区碧灯通2-7-12碧灯ビル604号室
83,翠渚県碧砂区砂翠町7-14-4砂翠ハイツ205号室
84,翠渚県翡翠町翡翠原4-2-8翡翠ガーデン館502号室
85,翠渚県翡翠町水際町8-6-2水際メゾン307号室
86,翠渚県翠渚市翠影町5-9-10翠影タワー1601号室
87,翠渚県碧砂区渚紋台1-3-3渚紋レジデンス409号室
88,翠渚県翡翠町翠霞ヶ丘9-12-6翠霞パレス905号室
89,翠渚県翠渚市碧波通6-1-9碧波オフィス館802号室
90,紅霧県紅環市紅灯町2-4-1紅灯レジデンス1001号室
91,紅霧県紅環市朱霞台3-13-7朱霞ハイツ206号室
92,紅霧県薄紅区緋影通1-8-12緋影ビル504号室
93,紅霧県薄紅区紅紋町6-6-6紅紋コーポ303号室
94,紅霧県茜波町茜波原4-10-2茜波ガーデン館701号室
95,紅霧県茜波町紅砂町8-3-5紅砂メゾン108号室
96,紅霧県紅環市深紅台5-2-11深紅タワー1508号室
97,紅霧県薄紅区薄紅ヶ丘2-15-3薄紅レジデンス402号室
98,紅霧県茜波町霞紅通9-7-1霞紅オフィス館603号室
99,紅霧県紅環市紅月町7-12-8紅月パレス904号室
0,霧浜県白灯区虹砂台2-2-2コーポ月輪107号室
1,星波県夕環市風紋原3-3-3星織レジデンス114号室
2,青璃県霞音市玻璃坂町4-4-4
3,月影県潮紗区雲綾町5-5-5雲綾メゾン128号室
4,霞森県凪輪市水鏡岡6-6-6ルミナス楓ビル135号室
5,琥珀県星澪市月映町7-7-7
6,雪凪県天紗区薄明台8-8-8翠灯タワー149号室
7,翠渚県潮星町鈴紋町9-9-9アーバン霞館156号室
8,紅霧県玻都市燈綾通1-10-10
9,金雫県青灯区霧紋台2-11-11シルバーリーフ館170号室
10,紫岬県翠渓町砂皓町3-12-12フォレスト光彩堂177号室
11,碧宙県月詠市波綾町4-13-13
12,橙泉県宵灯区貝灯台5-14-14パークサイド星渚191号室
13,白晶県影舟村白泡町6-15-15グラン燈花198号室
14,紺霞県森霞市灯岬町7-16-16
15,翠雲県淡樹区淡虹岡8-17-17ブルーム霧浜212号室
16,銀砂県梢音町霧灯町9-1-18コーポ砂白219号室
17,瑠灯県琥市海玻璃台1-2-19
18,緑紋県灯晶区蒼霧町2-3-20ルミエール潮紗233号室
19,桜風県蜜波町星縫町3-4-21マリンフォグビル240号室
20,霧浜県雪帆市銀潮台4-5-22
21,星波県氷灯区輝砂町5-6-23レジデンス灯岬254号室
22,青璃県凪白村夜凪径6-7-1淡虹メゾン261号室
23,月影県翠渚市光綾町7-8-2
24,霞森県碧砂区波星原8-9-3スカイフォグタワー275号室
25,琥珀県翡翠町薄星台9-10-4グレイス海玻璃282号室
26,雪凪県紅環市星環町1-11-5
27,翠渚県薄紅区蒼光台2-12-6蒼霧コート296号室
28,紅霧県茜波町星覗坂町3-13-7ステラパレス303号室
29,金雫県金雫市青透町4-14-8
30,紫岬県紫岬区璃光台5-15-9銀潮ハイツ317号室
31,碧宙県碧宙市玻晶通6-16-10ルクス輝砂324号室
32,橙泉県橙泉町淡碧町7-17-11
33,白晶県白晶区翠玻璃台8-1-12夜凪ビルディング338号室
34,紺霞県紺霞市水紋町9-2-13コーポ光条345号室
35,翠雲県翠雲町青鈴町1-3-14
36,銀砂県銀砂区凪玻璃原2-4-15波星ガーデン館359号室
37,瑠灯県瑠灯市光沢町3-5-16薄星レジデンス366号室
38,緑紋県緑紋町青雫台4-6-17
39,桜風県朝凪市影綾町5-7-18星環タワー380号室
40,霧浜県白灯区薄影台6-8-19蒼光ヒルズ387号室
41,星波県夕環市宵紗通7-9-20
42,青璃県霞音市月環町8-10-21星見坂コート401号室
43,月影県潮紗区静月町9-11-22ブルーグラス館408号室
44,霞森県凪輪市影羽原1-12-23
45,琥珀県星澪市淡月町2-13-1璃光レジデンス422号室
46,雪凪県天紗区夜鏡台3-14-2クリスタル水晶ビル429号室
47,翠渚県潮星町月霧町4-15-3
48,紅霧県玻都市星月台5-16-4淡青コーポ443号室
49,金雫県青灯区霞綴町6-17-5翠玻璃ハイツ450号室
50,紫岬県翠渓町木漏紗台7-1-6
51,碧宙県月詠市森灯通8-2-7リバーサイド水紋464号室
52,橙泉県宵灯区霞芯町9-3-8青鈴パレス471号室
53,白晶県影舟村梢音原1-4-9
54,紺霞県森霞市露紗町2-5-10凪玻璃タワー485号室
55,翠雲県淡樹区薄霞台3-6-11グロス光沢館492号室
56,銀砂県梢音町森紋町4-7-12
57,瑠灯県琥市霞森岡5-8-13青雫レジデンス506号室
58,緑紋県灯晶区風翳町6-9-14ムーンリット影綾513号室
59,桜風県蜜波町綴星町7-10-15
60,霧浜県雪帆市虹砂台8-11-16コーポ薄影527号室
61,星波県氷灯区風紋原9-12-17宵紗ビル534号室
62,青璃県凪白村玻璃坂町1-13-18
63,月影県翠渚市雲綾町2-14-19月環タワー548号室
64,霞森県碧砂区水鏡岡3-15-20静月ロッジ555号室
65,琥珀県翡翠町月映町4-16-21
66,雪凪県紅環市薄明台5-17-22影羽コート569号室
67,翠渚県薄紅区鈴紋町6-1-23淡月レジデンス576号室
68,紅霧県茜波町燈綾通7-2-1
69,金雫県金雫市霧紋台8-3-2ナイトミラー館590号室
70,紫岬県紫岬区砂皓町9-4-3月霧ハイツ597号室
71,碧宙県碧宙市波綾町1-5-4
72,橙泉県橙泉町貝灯台2-6-5星月パークサイド611号室
73,白晶県白晶区白泡町3-7-6霞葉ガーデン618号室
74,紺霞県紺霞市灯岬町4-8-7
75,翠雲県翠雲町淡虹岡5-9-8木漏紗レジデンス632号室
76,銀砂県銀砂区霧灯町6-10-9森灯オフィスビル639号室
77,瑠灯県瑠灯市海玻璃台7-11-10
78,緑紋県緑紋町蒼霧町8-12-11霞芯コーポ653号室
79,桜風県朝凪市星縫町9-13-12梢音ハイツ660号室
80,霧浜県白灯区銀潮台1-14-13
81,星波県夕環市輝砂町2-15-14露草メゾン674号室
82,青璃県霞音市夜凪径3-16-15薄霞タワー681号室
83,月影県潮紗区光綾町4-17-16
84,霞森県凪輪市波星原5-1-17森紋レジデンス695号室
85,琥珀県星澪市薄星台6-2-18霞森ヒルズ702号室
86,雪凪県天紗区星環町7-3-19
87,翠渚県潮星町蒼光台8-4-20風影コート716号室
88,紅霧県玻都市星覗坂町9-5-21アンバー琥灯ビル723号室
89,金雫県青灯区青透町1-6-22
90,紫岬県翠渓町璃光台2-7-23蜜影レジデンス737号室
91,碧宙県月詠市玻晶通3-8-1晶砂オフィス館744号室
92,橙泉県宵灯区淡碧町4-9-2
93,白晶県影舟村翠玻璃台5-10-3琥風コーポ758号室
94,紺霞県森霞市水紋町6-11-4蜜波ガーデン館765号室
95,翠雲県淡樹区青鈴町7-12-5
96,銀砂県梢音町凪玻璃原8-13-6淡雪オフィス館779号室
97,瑠灯県琥市光沢町9-14-7渚紋レジデンス786号室
98,緑紋県灯晶区青雫台1-15-8
99,桜風県蜜波町影綾町2-16-9紅月パレス800号室
1,桜風県白灯区虹砂台2-11-8コーポ月輪102号室
2,桜風県夕環市風紋原3-6-14星織レジデンス807号室
3,桜風県夕環市玻璃坂町5-1-9翠灯タワー1204号室
4,霧浜県霞音市雲綾町1-18-2アーバン霞館411号室
5,霧浜県潮紗区水鏡ヶ丘7-4-1ミストリーフハイツ203号室
6,霧浜県凪輪市月映町2-9-6シルバーリーフ館606号室
7,霧浜県凪輪市薄明台4-7-12フォレスト光彩堂508号室
8,星波県星澪市鈴風町6-10-5パークサイド星渚701号室
9,星波県天紗区燈花通町3-15-3グラン燈花209号室
10,星波県潮星町霧紋台1-3-10ブルーム霧浜304号室
11,星波県潮星町砂白町8-2-4コーポ砂白101号室
12,青璃県玻晶市波綾町2-12-7ルミエール潮紗905号室
13,青璃県青灯区貝灯台6-5-2マリンフォグビル402号室
14,青璃県翠渓町白泡町3-8-11シーサイド凪輪1103号室
15,青璃県翠渓町灯岬町4-1-5レジデンス灯岬507号室
16,月影県月詠市淡虹ヶ丘7-9-3淡虹メゾン208号室
17,月影県宵灯区霧灯町5-16-1スカイフォグタワー1502号室
18,月影県影舟村海玻璃台2-4-9グレイス海玻璃602号室
19,月影県影舟村蒼霧町9-7-6蒼霧コート303号室
20,霞森県森霞市星縫町1-14-2ステラパレス802号室
21,霞森県淡樹区銀潮台3-2-15銀潮ハイツ204号室
22,霞森県梢音町輝砂町6-8-8ルクス輝砂1006号室
23,霞森県梢音町夜凪通2-6-3夜凪ビルディング501号室
24,琥灯県琥輪市光条町4-10-1コーポ光条103号室
25,琥灯県灯晶区波星原7-3-12波星ガーデン館406号室
26,琥灯県蜜波町薄星台5-12-6薄星レジデンス1201号室
27,琥灯県蜜波町星環町1-9-9星環タワー903号室
28,雪凪県雪帆市蒼光台8-5-4蒼光ヒルズ207号室
29,雪凪県氷灯区星見坂町9-1-7星見坂コート312号室
30,翠渚県翠渚市青透町2-13-5ブルーグラス館606号室
31,翠渚県碧砂区璃光台3-7-1璃光レジデンス404号室
32,翠渚県翡翠町水晶通1-5-9クリスタル水晶ビル1002号室
33,翠渚県翡翠町淡青町6-2-6淡青コーポ201号室
34,紅霧県紅環市翠玻璃台4-16-3翠玻璃ハイツ303号室
35,紅霧県薄紅区水紋町7-8-12リバーサイド水紋505号室
36,紅霧県茜波町青鈴町5-3-8青鈴パレス707号室
37,紅霧県茜波町凪玻璃原8-12-2凪玻璃タワー1408号室
38,桜風県朝凪市光沢町2-1-11グロス光沢館206号室
39,霧浜県霞音市青雫台9-6-4青雫レジデンス901号室
40,星波県星澪市影綾町1-10-7ムーンリット影綾503号室
41,青璃県青灯区薄影台3-4-2コーポ薄影105号室
43,霞森県森霞市月環町6-15-5月環タワー1306号室
44,琥灯県灯晶区静月町4-6-9静月ロッジ2号室
45,雪凪県雪帆市影羽原7-2-1影羽コート301号室
46,翠渚県翠渚市淡月町5-13-4淡月レジデンス904号室
47,紅霧県紅環市夜鏡台1-7-8ナイトミラー館402号室
48,桜風県白灯区月霧町8-11-3月霧ハイツ205号室
49,霧浜県潮紗区星月台9-3-6星月パークサイド1102号室
50,星波県天紗区霞葉町2-14-1霞葉ガーデン603号室
51,青璃県翠渓町木漏紗台3-6-6木漏紗レジデンス407号室
52,月影県月詠市森灯通1-9-2森灯オフィスビル802号室
54,琥灯県琥輪市梢音原4-12-7梢音ハイツ104号室
55,雪凪県氷灯区露草町7-1-3露草メゾン505号室
56,翠渚県碧砂区薄霞台8-10-9薄霞タワー1207号室
57,紅霧県薄紅区森紋町2-3-14森紋レジデンス309号室
58,桜風県夕環市霞森ヶ丘9-2-5霞森ヒルズ801号室
59,霧浜県凪輪市風影町6-7-12風影コート206号室
60,星波県潮星町琥灯町1-4-8アンバー琥灯ビル601号室
61,青璃県玻晶市蜜影台3-15-1蜜影レジデンス1003号室
62,月影県影舟村晶砂通2-6-5晶砂オフィス館403号室
63,霞森県梢音町琥風町7-3-3琥風コーポ202号室
64,琥灯県蜜波町蜜波原4-9-10蜜波ガーデン館702号室
65,雪凪県雪帆市琥砂町8-1-6琥砂ハイツ105号室
66,翠渚県翡翠町光蜜台5-8-2光蜜タワー1505号室
67,紅霧県紅環市琥透通1-12-12琥透通レジデンス308号室
68,桜風県朝凪市淡琥ヶ丘9-5-7淡琥パレス804号室
69,霧浜県霞音市琥透町6-2-9琥透コート407号室
70,星波県星澪市雪帆町2-8-4スノーセイル館503号室
71,青璃県青灯区白凪台1-5-11白凪レジデンス1203号室
72,月影県月詠市氷紋通3-10-6氷紋ビル602号室
73,霞森県淡樹区雪明町7-7-2雪明コーポ201号室
74,琥灯県灯晶区凍星原4-3-9凍星ロッジ1号室
75,雪凪県氷灯区雪影町8-12-1雪影ハイツ302号室
76,翠渚県翠渚市霜花台5-6-7霜花パレス901号室
77,紅霧県薄紅区白星町2-2-14白星タワー1402号室
78,桜風県白灯区雪鏡台9-1-5雪鏡レジデンス406号室
79,霧浜県潮紗区淡雪通6-9-3淡雪オフィス館701号室
80,星波県天紗区翠波町1-11-6
81,青璃県翠渓町渚風台3-5-1
82,月影県宵灯区碧灯通2-7-12
83,霞森県森霞市砂翠町7-14-4
84,琥灯県蜜波町翡翠原4-2-8
85,雪凪県雪帆市水際町8-6-2
86,翠渚県碧砂区翠影町5-9-10
87,紅霧県茜波町渚紋台1-3-3
88,桜風県夕環市翠霞ヶ丘9-12-6
89,霧浜県凪輪市碧波通6-1-9
90,星波県潮星町紅灯町2-4-1
91,青璃県玻晶市朱霞台3-13-7
92,月影県影舟村緋影通1-8-12
93,霞森県梢音町紅紋町6-6-6
94,琥灯県琥輪市茜波原4-10-2
95,雪凪県氷灯区紅砂町8-3-5
96,翠渚県翡翠町深紅台5-2-11
97,紅霧県紅環市薄紅ヶ丘2-15-3
98,桜風県朝凪市霞紅通9-7-1
99,霧浜県霞音市紅月町7-12-8
